Subject Name,Condition,Number of Draws,Trials per Draw,Frequency,PLV**2: bootstrapped mean,PLV**2: bootstrapped variance,Spectrum: bootstrapped mean,Spectrum: bootstrapped variance,Noise floor PLV**2: bootstrapped mean,Noise floor PLV**2: bootstrapped variance,Noise floor Spectrum: bootstrapped mean,Noise floor Spectrum: bootstrapped variance
lenny_run1,1,240,500,70.80078125,0.00367586374123,1.55021364258e-06,0.0809933424844,0.000692446092521,0.00375482690447,1.99850931999e-06,0.0652368572189,0.000576765103707
lenny_run1,1,240,500,73.2421875,0.0033260521698,6.61946009661e-07,0.396404936963,0.0181870123504,0.00488450169769,3.00116364901e-06,0.421046222977,0.0171739608654
lenny_run1,1,240,500,75.68359375,0.00378110914873,1.1695674807e-06,0.869507358025,0.0698650179705,0.00622743993822,3.56517375532e-06,1.24736197818,0.148903987808
lenny_run1,1,240,500,78.125,0.0037265513558,9.09164788527e-07,1.40889491935,0.151493490227,0.00513574389981,1.61043744809e-06,1.71719008677,0.207661423459
lenny_run1,1,240,500,80.56640625,0.00367389300562,7.66678737134e-07,1.73098393902,0.170532808723,0.00545523462094,1.4539711011e-06,2.04740624826,0.22593947695
lenny_run1,1,240,500,83.0078125,0.00375400753475,7.4556990504e-07,1.81229756466,0.188550300674,0.00319149521476,4.61320389317e-07,1.70442355957,0.179989161799
lenny_run1,1,240,500,85.44921875,0.00410461687853,1.10667356873e-06,2.11381004141,0.255358151374,0.00378016043928,7.60047868452e-07,2.03308948188,0.218596712554
lenny_run1,1,240,500,87.890625,0.00417725561972,1.01953252099e-06,2.0794073104,0.24766867861,0.00429642935031,1.49752832524e-06,2.11461343164,0.202783807025
lenny_run1,1,240,500,90.33203125,0.00404039267272,1.02312901744e-06,2.1562626161,0.266362746403,0.00464141049642,1.57900876292e-06,2.33674611472,0.271383905294
lenny_run1,1,240,500,92.7734375,0.004572539441,1.28045606922e-06,1.96726663277,0.22679730801,0.00415574530659,1.51663704761e-06,1.97506969769,0.211562022795
lenny_run1,1,240,500,95.21484375,0.00736151411728,2.55621178049e-06,2.48736002237,0.284768619207,0.00403244996531,1.27128315716e-06,1.90521938308,0.197462213173
lenny_run1,1,240,500,97.65625,0.0124336827741,4.47154005118e-06,3.97287222572,0.496767258212,0.00421989002955,1.22300946375e-06,1.76508917674,0.158572667457
lenny_run1,1,240,500,100.09765625,0.0147154362593,5.44112592365e-06,3.91280757265,0.446444155257,0.00341008183251,6.44890902784e-07,1.39096900437,0.0925427886592
lenny_run1,1,240,500,102.5390625,0.01255143477,4.82181442372e-06,3.68924059135,0.433254536973,0.00430008237103,1.30728248007e-06,1.62846359078,0.141624209214
lenny_run1,1,240,500,104.98046875,0.00488855969984,1.62373523646e-06,1.76251936067,0.159863609343,0.00438540264672,1.25562373942e-06,1.55348987674,0.11930779781
lenny_run1,1,240,500,107.421875,0.00400454824663,1.05688331385e-06,1.46378432493,0.102088711219,0.00446045564712,1.21869340875e-06,2.11000167643,0.239066953378
lenny_run1,1,240,500,109.86328125,0.00412372618755,9.89683068123e-07,1.49186752037,0.101212245383,0.00462333098805,1.10948681197e-06,2.06808691693,0.223661431535
lenny_run1,1,240,500,112.3046875,0.00342343535629,5.58720213696e-07,1.46206683748,0.102352090645,0.00427778027468,9.25587919043e-07,1.80372500665,0.19412368296
lenny_run1,1,240,500,114.74609375,0.00379748739272,9.03111094866e-07,1.29006257265,0.0850390762598,0.0042541372919,1.06908160937e-06,1.64830346372,0.142337231243
lenny_run1,1,240,500,117.1875,0.00350138730154,6.9967746409e-07,1.15750634587,0.0801069678927,0.00395440054103,7.71304600076e-07,1.28993919,0.0848654121111
lenny_run1,1,240,500,119.62890625,0.0036751121347,6.10991100545e-07,1.17082235101,0.0828114534655,0.00371746367033,6.04159740838e-07,1.15773179805,0.0779280205797
lenny_run1,1,240,500,122.0703125,0.00365270569911,7.59616162394e-07,1.21003884739,0.0979054586311,0.00345448627046,5.42130360498e-07,1.16705730083,0.0812943979574
lenny_run1,1,240,500,124.51171875,0.00355271275148,5.43331092584e-07,1.08029793378,0.0660345717627,0.00374029313252,5.17973397473e-07,1.12589906073,0.0806375967942
lenny_run1,1,240,500,126.953125,0.00371962778957,6.58726458503e-07,1.09040458346,0.0574842447858,0.00332762174864,4.89494717421e-07,1.1698576744,0.0955758177924
lenny_run1,1,240,500,129.39453125,0.00406528140101,8.90856087771e-07,1.36012796883,0.0923101823643,0.00348935588262,5.83882940188e-07,1.14503775605,0.0869592452278
lenny_run1,1,240,500,131.8359375,0.00395927493382,6.84862691293e-07,1.19130664523,0.0640806876677,0.00336959508681,6.70197791124e-07,1.02676209779,0.0617111999867
lenny_run1,1,240,500,134.27734375,0.00379788364148,7.17361641723e-07,1.21539823634,0.0775197431544,0.00362913332852,9.6535455857e-07,1.05715996078,0.0752127937653
lenny_run1,1,240,500,136.71875,0.00397013641192,9.12387006437e-07,1.11687746368,0.0683511095194,0.00401821742076,1.0238565636e-06,1.03224068795,0.0600518658004
lenny_run1,1,240,500,139.16015625,0.00433121563179,1.10087026095e-06,1.11365100781,0.059449618653,0.00377907390198,7.14046407991e-07,0.93057781012,0.048352506796
lenny_run1,1,240,500,141.6015625,0.00417794249128,8.42972968925e-07,1.04621798903,0.0619943844178,0.00374371461026,8.5125374384e-07,1.01626993962,0.0549245652483
lenny_run1,1,240,500,144.04296875,0.00385811538626,8.18912414931e-07,0.900196383925,0.0415291244683,0.00334569636416,6.5235999196e-07,0.951490429819,0.0512529440331
lenny_run1,1,240,500,146.484375,0.00432349864803,8.28533127147e-07,0.925489399168,0.0434507952542,0.0035613174624,6.89148184431e-07,0.942504178855,0.0497269398015
lenny_run1,1,240,500,148.92578125,0.00452506333957,9.95838541729e-07,1.08496053539,0.063812925333,0.00532015858714,1.50183825688e-06,1.19279730667,0.0696324649412
lenny_run1,1,240,500,151.3671875,0.00379400140439,6.88281957395e-07,0.824904184185,0.0397305004684,0.00516183591297,1.69408440638e-06,1.19093070019,0.0599265495224
lenny_run1,1,240,500,153.80859375,0.0037261066054,6.86175071844e-07,0.825855270534,0.037078906603,0.00573136092654,2.43244479359e-06,1.23859696149,0.0844946364679
lenny_run1,1,240,500,156.25,0.00446456283782,1.14083785692e-06,0.840467715617,0.0363751471424,0.00477651894996,1.34159968665e-06,1.10700562522,0.0617954459596
lenny_run1,1,240,500,158.69140625,0.00357434309392,6.204166542e-07,0.787300495237,0.030394110028,0.00484202269105,1.33546990273e-06,0.885172199816,0.0434571720793
lenny_run1,1,240,500,161.1328125,0.00387734546218,8.10410156707e-07,0.808293283529,0.0307854917839,0.0042380502618,9.03107726255e-07,0.800623135178,0.0327302092913
lenny_run1,1,240,500,163.57421875,0.00371940678637,8.70229093637e-07,0.826179669369,0.0367662820581,0.00439601004842,8.95409991453e-07,0.887368278005,0.0316138764885
lenny_run1,1,240,500,166.015625,0.00448972868961,1.42375671938e-06,0.863589451329,0.0489576599302,0.00347704163268,7.17005374452e-07,0.779334500787,0.0285274915209
lenny_run1,1,240,500,168.45703125,0.0041357517682,1.01321253653e-06,0.834896911065,0.0358945095569,0.00346824738008,5.69776559969e-07,0.684862359975,0.0193109598632
lenny_run1,1,240,500,170.8984375,0.00409049030748,1.09896565509e-06,0.729183725205,0.0256205234683,0.00392034178182,1.03970846367e-06,0.623959608325,0.0214897201603
lenny_run1,1,240,500,173.33984375,0.00349429502891,6.37720539606e-07,0.644445153471,0.0208955594422,0.00354673067373,6.18847245993e-07,0.593631450992,0.0196435844206
lenny_run1,1,240,500,175.78125,0.00345977425455,6.85399494438e-07,0.855566826821,0.0910518905611,0.00389054793583,1.00951559228e-06,0.899000378506,0.0948038047853
lenny_run1,1,240,500,178.22265625,0.0037467135952,1.24864713989e-06,1.11741053651,0.27407754483,0.00353290130429,1.22541320217e-06,1.14636052228,0.282199851126
lenny_run1,1,240,500,180.6640625,0.0031906884886,9.09379076821e-07,1.11568027148,0.325224497245,0.00399080526541,1.75448142167e-06,1.22003988276,0.332824412087
lenny_run1,1,240,500,183.10546875,0.00367394196141,1.22698516264e-06,1.16493351337,0.308741057885,0.00344669368807,1.48197364507e-06,1.25969173798,0.376900575548
lenny_run1,1,240,500,185.546875,0.00370588819614,7.08529796351e-07,0.573555248305,0.0184238004421,0.00365178718225,7.07989555422e-07,0.587423115697,0.0190570381069
lenny_run1,1,240,500,187.98828125,0.00382542941592,9.06598447102e-07,0.553592713522,0.018567430264,0.00384357273483,8.84809296622e-07,0.654155503081,0.0249954379866
lenny_run1,1,240,500,190.4296875,0.00394056392742,7.20174827549e-07,0.508970744646,0.0136500459182,0.0037821913289,8.08007121855e-07,0.599021258072,0.0199673390528
lenny_run1,1,240,500,192.87109375,0.00373196002762,7.35093050992e-07,0.534082268852,0.017004378597,0.00370562247797,8.87169820258e-07,0.539420339061,0.0161517663006
lenny_run1,1,240,500,195.3125,0.00419546132081,8.51490377931e-07,0.56936499966,0.0176256076898,0.00386819317419,8.29992792105e-07,0.490588724222,0.0126965524548
lenny_run1,1,240,500,197.75390625,0.00497313331529,9.86814834473e-07,0.659824972196,0.0172789096175,0.00386851065224,7.83612078942e-07,0.495666656485,0.012326016953
lenny_run1,1,240,500,200.1953125,0.00471508859505,7.8602547686e-07,0.663124286376,0.0161111437675,0.00340726434723,4.53007496752e-07,0.441555719331,0.0087674805772
lenny_run1,1,240,500,202.63671875,0.00529332258579,1.15375975033e-06,0.620408008996,0.0125175306296,0.00308655259387,3.14966977542e-07,0.417590143913,0.00908654568219
lenny_run1,1,240,500,205.078125,0.00356362452006,4.63652358288e-07,0.491555898673,0.00761945152519,0.002957353737,3.27915766494e-07,0.405378233337,0.00696846913776
lenny_run1,1,240,500,207.51953125,0.00343036870594,4.21067160897e-07,0.467409276564,0.00646194500767,0.00352393148235,4.90148921264e-07,0.44711204872,0.00955740795666
lenny_run1,1,240,500,209.9609375,0.0038074228969,6.22083410528e-07,0.455835597436,0.00847565061299,0.00384053147251,6.57932486743e-07,0.467667695349,0.0113069323901
lenny_run1,1,240,500,212.40234375,0.00370245120768,5.91478938087e-07,0.449587649677,0.00809418282144,0.00405083719691,9.80386186052e-07,0.462055989748,0.0119649296884
lenny_run1,1,240,500,214.84375,0.00398497504277,6.58739308126e-07,0.449426504897,0.0089064163524,0.00428091678282,9.87339756086e-07,0.431785014598,0.00847034824132
lenny_run1,1,240,500,217.28515625,0.00442928400068,7.05637403269e-07,0.462911653041,0.00793929405624,0.00335206290425,3.56445385517e-07,0.356123521673,0.00462695493889
lenny_run1,1,240,500,219.7265625,0.00401149872174,5.18681267823e-07,0.411502093573,0.00691077536913,0.00350604010307,4.03166094667e-07,0.357448769122,0.00460524597769
lenny_run1,1,240,500,222.16796875,0.00397596833948,5.13534000002e-07,0.396373657366,0.00753416644223,0.00385833596294,6.62622699414e-07,0.387876384487,0.00705264691073
lenny_run1,1,240,500,224.609375,0.00403232243628,6.96253764159e-07,0.388811790045,0.00823804029946,0.00379202611214,4.52204232849e-07,0.381461255826,0.00567195828406
lenny_run1,1,240,500,227.05078125,0.00367859254724,5.91307307781e-07,0.361331521651,0.00603071459968,0.0040621423453,5.7587268863e-07,0.379360531573,0.00559105041574
lenny_run1,1,240,500,229.4921875,0.00425843501078,8.26785074554e-07,0.388410227214,0.00710573105076,0.00407980253993,7.002885918e-07,0.385137218828,0.00722639578668
lenny_run1,1,240,500,231.93359375,0.00414445338758,8.12784831063e-07,0.37138939072,0.00591605695673,0.00361115137753,6.43220952231e-07,0.35806752547,0.00708403363471
lenny_run1,1,240,500,234.375,0.00386705543194,5.95577114168e-07,0.354917480915,0.00536854229543,0.00395675659717,9.59398416538e-07,0.357242211333,0.00795037653579
lenny_run1,1,240,500,236.81640625,0.00383248070325,5.3567103624e-07,0.374143804936,0.00596537348797,0.00392983512165,4.64084558741e-07,0.352002115989,0.00585997480541
lenny_run1,1,240,500,239.2578125,0.00394924925629,7.01756242594e-07,0.378179200784,0.00702888648824,0.00423680692494,7.31157343577e-07,0.351804358931,0.00564388308823
lenny_run1,1,240,500,241.69921875,0.00356671555535,4.66345167468e-07,0.330076815144,0.0044431699586,0.0037335336042,5.46563702365e-07,0.336476528102,0.00506757444106
lenny_run1,1,240,500,244.140625,0.00372807027123,5.5091325257e-07,0.347948375566,0.0044474005246,0.00393934910232,5.79307001307e-07,0.324911888392,0.00443443839306
lenny_run1,1,240,500,246.58203125,0.00353357323788,3.94186309825e-07,0.324943293648,0.00402756214775,0.0040124607185,7.43569194702e-07,0.31261278155,0.00525720882816
lenny_run1,1,240,500,249.0234375,0.0032477155232,3.68977139972e-07,0.299760174139,0.00416167772541,0.00371363009432,6.40971989543e-07,0.262513258356,0.00273534832643
lenny_run1,1,240,500,251.46484375,0.00347450333668,3.96253489849e-07,0.300929303955,0.00391370116185,0.00374063038308,6.40638072535e-07,0.266908708392,0.00286851128279
lenny_run1,1,240,500,253.90625,0.00325751226891,3.7560972465e-07,0.264650999272,0.00290541539201,0.00347971506592,4.72492673904e-07,0.258921003709,0.00251330354476
lenny_run1,1,240,500,256.34765625,0.00380648269399,5.01052284911e-07,0.277016137571,0.00342820369154,0.00358843501106,4.71243997645e-07,0.267303188792,0.00332703549331
lenny_run1,1,240,500,258.7890625,0.00370312763081,5.91211794982e-07,0.269723943139,0.00323737870183,0.00330498976234,3.91463487663e-07,0.248352077197,0.00279982285064
lenny_run1,1,240,500,261.23046875,0.00386123402106,6.34075817795e-07,0.282126008246,0.00346207256841,0.0033851899788,4.87782464718e-07,0.248162876745,0.00247638584053
lenny_run1,1,240,500,263.671875,0.00346306210246,5.27322513192e-07,0.249028116815,0.00299048475703,0.00341966778011,4.28030837964e-07,0.244014729274,0.00232013562886
lenny_run1,1,240,500,266.11328125,0.00335400858438,5.27180280757e-07,0.228554632167,0.0022955208688,0.00347192012974,3.7026654088e-07,0.242620938106,0.00197719363391
lenny_run1,1,240,500,268.5546875,0.0032666236661,3.6393630059e-07,0.220873339226,0.00203295009297,0.00389354232065,4.83286626572e-07,0.262289035967,0.0022950350127
lenny_run1,1,240,500,270.99609375,0.00405176206727,7.65014090121e-07,0.261649817599,0.00318003507302,0.00415931196931,7.51496947485e-07,0.271300185777,0.00340123040794
lenny_run1,1,240,500,273.4375,0.00400382493858,6.61647253903e-07,0.260958636366,0.00339679794461,0.00407354948255,8.49679007688e-07,0.26452244349,0.00355128610963
lenny_run1,1,240,500,275.87890625,0.00405630096722,8.36959000125e-07,0.25619622753,0.003108256293,0.0040178712483,7.25648121661e-07,0.2644928877,0.00392983992325
lenny_run1,1,240,500,278.3203125,0.00434442400391,6.86116104356e-07,0.270857315741,0.00283643317447,0.00410533644319,7.53540919026e-07,0.27188599228,0.00361887149
lenny_run1,1,240,500,280.76171875,0.00351189580685,3.92386386885e-07,0.220412457021,0.00184456624656,0.00410350951661,5.51962794657e-07,0.275365698339,0.00295344088204
lenny_run1,1,240,500,283.203125,0.00382993247264,5.06229942775e-07,0.2392257427,0.00224595276257,0.00426365005236,6.05527727673e-07,0.24918643452,0.00179366317959
lenny_run1,1,240,500,285.64453125,0.0041170609715,6.4244430188e-07,0.238040636979,0.00178678466644,0.00415300231165,5.6137341791e-07,0.261650786606,0.00249589602932
lenny_run1,1,240,500,288.0859375,0.00430532763363,7.98916208031e-07,0.245243568339,0.00297844832244,0.00398938718469,6.14231083882e-07,0.235443791572,0.00251020512886
lenny_run1,1,240,500,290.52734375,0.00419893786841,6.88548113516e-07,0.225521180892,0.00196046565688,0.00359255822556,4.52334783413e-07,0.218143875163,0.00197239999147
lenny_run1,1,240,500,292.96875,0.00443320882191,8.20742651532e-07,0.255615969252,0.00311444366507,0.00388724641769,4.88637621084e-07,0.217118474917,0.00182963516185
lenny_run1,1,240,500,295.41015625,0.00476881238831,1.18942320993e-06,0.330935658635,0.00796741617471,0.00349673920427,4.00596379478e-07,0.239721045793,0.00244232539342
lenny_run1,1,240,500,297.8515625,0.00640887252884,4.04482491057e-06,0.709939033507,0.0713681098821,0.00426720408171,1.31512158159e-06,0.363616821017,0.0166057625314
lenny_run1,1,240,500,300.29296875,0.00649040120127,3.75357294286e-06,0.707650108839,0.0754184407506,0.00369638191408,8.64059987865e-07,0.346947806115,0.0169850382299
lenny_run1,1,240,500,302.734375,0.00666841177274,4.56726793715e-06,0.716005241779,0.0738780994464,0.00398746977219,1.37758751468e-06,0.373682381776,0.0196601802159
lenny_run1,1,240,500,305.17578125,0.00350490277068,4.19403887453e-07,0.194184326197,0.00147226194682,0.00395673351155,7.08825918106e-07,0.221913137498,0.00283297155544
lenny_run1,1,240,500,307.6171875,0.00370710629287,4.7202049078e-07,0.195249744399,0.00155050664797,0.00412039121874,6.89112785029e-07,0.234427666849,0.00322933302326
lenny_run1,1,240,500,310.05859375,0.00410765503416,6.49120973572e-07,0.205011165484,0.0017650919034,0.00398217103936,6.85800838316e-07,0.208828108456,0.00221213832382
lenny_run1,1,240,500,312.5,0.00428468642666,7.36340132618e-07,0.208487548839,0.00199703127752,0.0037773119121,5.10090295448e-07,0.1953445948,0.00195602965708
lenny_run1,1,240,500,314.94140625,0.00415305178394,5.6505343684e-07,0.215905841956,0.00179206395185,0.00410810217222,6.62319778465e-07,0.201740282891,0.00195062739533
lenny_run1,1,240,500,317.3828125,0.00558786899684,1.25811154495e-06,0.284487503594,0.00370840713765,0.0042666383588,7.60756290751e-07,0.198193281586,0.00195251334303
lenny_run1,1,240,500,319.82421875,0.00511066896533,1.10490905689e-06,0.251060742015,0.00328828464253,0.00473867254281,1.10650482238e-06,0.209963743201,0.00211271523828
lenny_run1,1,240,500,322.265625,0.00494240263663,1.33716155411e-06,0.241535605539,0.00373013127562,0.00395115272497,6.1768277233e-07,0.197241188448,0.00185306671807
lenny_run1,1,240,500,324.70703125,0.00425739042996,8.45989624105e-07,0.193978437003,0.00215699552257,0.00455086432866,7.6292366377e-07,0.206915777411,0.001915246628
lenny_run1,1,240,500,327.1484375,0.00330780707582,4.22124137656e-07,0.147143785977,0.000831427002116,0.00419396039386,6.93386747282e-07,0.182291090986,0.00141771071944
lenny_run1,1,240,500,329.58984375,0.00345721381547,4.95306365986e-07,0.149678558676,0.00104847859225,0.0041185413495,6.04325456006e-07,0.187403674447,0.00130301771288
lenny_run1,1,240,500,332.03125,0.00373258376619,6.1218765848e-07,0.164539089397,0.00120126583106,0.00460920517961,7.41085424056e-07,0.208201033357,0.00184434805123
lenny_run1,1,240,500,334.47265625,0.00399401171675,6.05800216111e-07,0.16622104606,0.001104114104,0.00435989292473,6.89317291201e-07,0.195793821828,0.00153425025626
lenny_run1,1,240,500,336.9140625,0.00353232323121,4.20735191429e-07,0.154369063365,0.000919070098169,0.00496230990426,8.01503861703e-07,0.223172356929,0.00189600589014
lenny_run1,1,240,500,339.35546875,0.00343839083305,4.32429349715e-07,0.154165899484,0.00105942208181,0.00434579445931,6.82835648811e-07,0.193828824826,0.00161003453276
lenny_run1,1,240,500,341.796875,0.00389668387586,4.94492361035e-07,0.155947616204,0.00109074132954,0.00380431945026,4.82546135105e-07,0.156293334343,0.00102221137208
lenny_run1,1,240,500,344.23828125,0.00378981694811,4.69385380737e-07,0.159157210537,0.00106107262723,0.00358954332297,3.83802833711e-07,0.140879646754,0.000620397401291
lenny_run1,1,240,500,346.6796875,0.00381047478488,5.07870814333e-07,0.154242429886,0.00103940021096,0.00344371833488,2.99847547801e-07,0.143781013489,0.000801821059557
lenny_run1,1,240,500,349.12109375,0.00371608580904,4.98960106377e-07,0.15275388931,0.000938537280597,0.0041663489366,4.41361353375e-07,0.172747795463,0.00112131804987
lenny_run1,1,240,500,351.5625,0.00385540661949,4.22595266507e-07,0.151949010709,0.000880674049677,0.00413647371445,4.57571182052e-07,0.174818780797,0.00111199189024
lenny_run1,1,240,500,354.00390625,0.00388346359303,4.7834505573e-07,0.154389292373,0.000965351924801,0.00407349562114,4.98417346334e-07,0.176523960525,0.0010745439215
lenny_run1,1,240,500,356.4453125,0.00394635592481,4.03806629393e-07,0.155220171385,0.000830023764538,0.00375423664401,3.77966252765e-07,0.145960981616,0.000574459537301
lenny_run1,1,240,500,358.88671875,0.00384671680661,4.56863669489e-07,0.147857177541,0.000833463718701,0.0040629465465,5.25463847749e-07,0.154110302277,0.000829688438043
lenny_run1,1,240,500,361.328125,0.0039216322904,3.82668263627e-07,0.139735051676,0.000679210961656,0.00417594565706,5.38742936562e-07,0.150624364047,0.000747050574992
lenny_run1,1,240,500,363.76953125,0.0036367565393,4.00443493927e-07,0.142488611274,0.000726569060791,0.00448138268929,6.51237138052e-07,0.153717452913,0.000824716080148
lenny_run1,1,240,500,366.2109375,0.00372296381796,4.2413761362e-07,0.13534888729,0.000692578406374,0.00407408631664,4.60273260731e-07,0.149998475289,0.000753893111436
lenny_run1,1,240,500,368.65234375,0.0038963342584,5.05287251426e-07,0.140795785669,0.000779187584453,0.00365899204681,3.48083176845e-07,0.139448288518,0.000528989670838
lenny_run1,1,240,500,371.09375,0.00372436820575,3.50910154924e-07,0.13157860428,0.000574764768597,0.0038049953251,3.38529175005e-07,0.137311262413,0.000502709180502
lenny_run1,1,240,500,373.53515625,0.00380214985601,3.91871156783e-07,0.131017769307,0.000590984113307,0.00358638797911,3.04727757048e-07,0.127528212366,0.000451289273589
lenny_run1,1,240,500,375.9765625,0.00377916667855,4.00158770237e-07,0.125875139539,0.000479362513675,0.00355255055229,2.56487289375e-07,0.129737481217,0.000464000255998
lenny_run1,1,240,500,378.41796875,0.00396127512226,4.58048499693e-07,0.136226128238,0.000709425161538,0.00378838941327,4.43597627679e-07,0.133807703394,0.000644759303356
lenny_run1,1,240,500,380.859375,0.00405113630271,4.46990500051e-07,0.130777088319,0.000618537786179,0.00397928620657,6.00277623879e-07,0.136787401619,0.000699149296835
lenny_run1,1,240,500,383.30078125,0.00421036658774,5.92485128597e-07,0.126427011478,0.000663931220636,0.00420907770005,5.15161429516e-07,0.134858879244,0.000642555269924
lenny_run1,1,240,500,385.7421875,0.00373078562613,4.38435395687e-07,0.113497920316,0.00050657547875,0.00394839470232,4.3761263933e-07,0.132170454465,0.000663149511648
lenny_run1,1,240,500,388.18359375,0.00379288994834,5.38159790484e-07,0.11762769557,0.000554644342964,0.00371578323065,3.67562653248e-07,0.130472728906,0.000556608393757
lenny_run1,1,240,500,390.625,0.00368185187147,4.09308153422e-07,0.122977304043,0.000557668542387,0.00373746477554,3.58517512375e-07,0.122096621417,0.000465877000459
lenny_run1,1,240,500,393.06640625,0.00419660071755,4.17028289686e-07,0.141589426262,0.000626618317747,0.00423599367674,5.04722982472e-07,0.131085857065,0.000565036808494
lenny_run1,1,240,500,395.5078125,0.00402243929011,4.0431827748e-07,0.136883052438,0.000583116534914,0.00394558546565,4.13484881925e-07,0.134742218295,0.000613667587583
lenny_run1,1,240,500,397.94921875,0.00382659561708,3.1362792656e-07,0.126318351447,0.000397454796476,0.00403405186437,4.44582134816e-07,0.134389528407,0.000578458261502
lenny_run1,1,240,500,400.390625,0.00430312814498,3.93840609034e-07,0.125556079109,0.000415496950691,0.00421750879679,5.00269453634e-07,0.134128827913,0.000535508221115
lenny_run1,1,240,500,402.83203125,0.00422607154378,5.93020267264e-07,0.137390084669,0.000726020821348,0.00446762451835,7.29791372676e-07,0.141389245709,0.000681251283807
lenny_run1,1,240,500,405.2734375,0.00408815178479,5.15451731275e-07,0.127365377562,0.000650447201409,0.00404399828314,4.76153755132e-07,0.120964728283,0.000483161341465
lenny_run1,1,240,500,407.71484375,0.00407505721061,4.92995938549e-07,0.127958469348,0.000531506072989,0.00440448464297,5.84918097237e-07,0.12424375232,0.000521185086908
lenny_run1,1,240,500,410.15625,0.00462357051912,7.04607781162e-07,0.131316801701,0.000592779879669,0.0039545189252,4.64060591707e-07,0.120790368797,0.000538937956433
lenny_run1,1,240,500,412.59765625,0.00420339952264,5.32838212727e-07,0.123915563223,0.000530637466792,0.0038038823548,3.96350466953e-07,0.113140341104,0.000480772840519
lenny_run1,1,240,500,415.0390625,0.00515434853376,9.59414971585e-07,0.197446751418,0.00242994336237,0.00391532942823,5.16025726736e-07,0.134929848387,0.000970476733424
lenny_run1,1,240,500,417.48046875,0.00518504270163,3.32102539516e-06,0.410850572469,0.0448304459763,0.00314596650944,6.95925309399e-07,0.207369914613,0.0076306104626
lenny_run1,1,240,500,419.921875,0.00500762445936,2.0394231418e-06,0.410418520175,0.0485072091817,0.00314308507442,4.81255322821e-07,0.200611153262,0.00792571447674
lenny_run1,1,240,500,422.36328125,0.00475811275011,3.47295648369e-06,0.408268449411,0.0487787845014,0.00317662745681,7.50810103754e-07,0.202727475888,0.00800812526306
lenny_run1,1,240,500,424.8046875,0.00425300409807,6.54405863639e-07,0.166411554213,0.00213827836797,0.00379825981044,4.06342918316e-07,0.132730332233,0.000698439977225
lenny_run1,1,240,500,427.24609375,0.00418701169978,5.58661340367e-07,0.129859832408,0.000655514876421,0.00429597658781,4.81092514792e-07,0.123685527606,0.000419301087124
lenny_run1,1,240,500,429.6875,0.00389782708432,4.67838562199e-07,0.121247011015,0.000503196873017,0.00432184722062,4.1842286449e-07,0.136161407327,0.000498027731831
lenny_run1,1,240,500,432.12890625,0.00364364883443,2.4668464604e-07,0.103797176334,0.000257430134996,0.0045971093504,6.03143185524e-07,0.139393622331,0.000602708743463
lenny_run1,1,240,500,434.5703125,0.00400241735543,3.04225977744e-07,0.108519697277,0.000297002167205,0.00569996236019,1.21941058596e-06,0.168258204319,0.00116822482513
lenny_run1,1,240,500,437.01171875,0.00365031336323,2.91825555049e-07,0.101660634383,0.00023699868145,0.00524812681174,9.19392575756e-07,0.145496992156,0.000850499057127
lenny_run1,1,240,500,439.453125,0.0041481518766,5.04692279008e-07,0.107222314063,0.00041430547107,0.0044692051927,6.51710825417e-07,0.120709213892,0.000607433696589
lenny_run1,1,240,500,441.89453125,0.00415357898163,5.04134135376e-07,0.105014681072,0.0004450487748,0.00449969606352,7.20134288808e-07,0.119855900564,0.000594621794042
lenny_run1,1,240,500,444.3359375,0.00407014004407,4.4613100818e-07,0.107306978676,0.000345687333329,0.00343166539562,2.53220689052e-07,0.091598824545,0.000232165047491
lenny_run1,1,240,500,446.77734375,0.00455869551934,6.80075489766e-07,0.111766517175,0.000426720973835,0.00350977405939,2.63483919745e-07,0.0898803132975,0.000277474131479
lenny_run1,1,240,500,449.21875,0.00448762050067,5.55232023993e-07,0.112352157837,0.000386333240851,0.0034480839612,2.82496924141e-07,0.0940679020776,0.00031800958398
lenny_run1,1,240,500,451.66015625,0.00396276571205,4.61678843386e-07,0.102252052243,0.000386638285036,0.00378428874145,2.91182928879e-07,0.102149962715,0.000433784553976
lenny_run1,1,240,500,454.1015625,0.00353016109908,3.32995255955e-07,0.0895012165979,0.000304924170516,0.00526275377426,9.45186894138e-07,0.130382769276,0.000783613542687
lenny_run1,1,240,500,456.54296875,0.00337330133914,2.43145696976e-07,0.082598164526,0.000258552298564,0.00538245950299,9.19593752352e-07,0.135768772729,0.000934654775868
lenny_run1,1,240,500,458.984375,0.00372648996889,3.95790119534e-07,0.089852975635,0.000300375230187,0.00491536279005,7.75123474833e-07,0.11602972226,0.000509166439818
lenny_run1,1,240,500,461.42578125,0.00395687029914,4.66361250575e-07,0.100005128458,0.000414077300247,0.00461294353156,6.85706678333e-07,0.110718537548,0.000429741005639
lenny_run1,1,240,500,463.8671875,0.0043208940363,5.05113105174e-07,0.101268550806,0.000414921226768,0.00429512726789,4.57136541897e-07,0.0984622752736,0.000313966621088
lenny_run1,1,240,500,466.30859375,0.00349238007723,3.31407882885e-07,0.088481387174,0.000254792534567,0.0040859688631,4.90321250443e-07,0.0992146299417,0.00028164713072
lenny_run1,1,240,500,468.75,0.00376754401033,3.17759509581e-07,0.0899779244096,0.000236542719472,0.00431785449529,6.48871917797e-07,0.101415623252,0.000409177700092
lenny_run1,1,240,500,471.19140625,0.00396531054448,3.59031932996e-07,0.0921887109895,0.000247817556592,0.00451198124378,6.88573128104e-07,0.0965603952795,0.000367224131046
lenny_run1,1,240,500,473.6328125,0.00367930818683,2.74200237914e-07,0.0893362544351,0.000184781300694,0.00429620821274,6.16177085317e-07,0.100281453759,0.000425369891144
lenny_run1,1,240,500,476.07421875,0.00376490173428,3.16731795031e-07,0.0889422261531,0.000209901431293,0.00410198948949,5.6270882261e-07,0.0958055709413,0.000391295020794
lenny_run1,1,240,500,478.515625,0.00382441402123,3.30474665753e-07,0.0854737010324,0.000221916388441,0.0039966964435,4.97828755173e-07,0.0970936327665,0.000409368104348
lenny_run1,1,240,500,480.95703125,0.00440671640532,5.29615472012e-07,0.103399523812,0.000423895272453,0.00402197968854,4.20756949303e-07,0.0951163869765,0.000341935207319
lenny_run1,1,240,500,483.3984375,0.00411772636923,4.81669452969e-07,0.101203523406,0.000403053396329,0.00406111287918,4.52607824076e-07,0.0967613639262,0.000345285293776
lenny_run1,1,240,500,485.83984375,0.00426373616833,4.89132230227e-07,0.0988049054213,0.000319649382926,0.00396664863247,4.12254558492e-07,0.0930362970802,0.000254566458655
lenny_run1,1,240,500,488.28125,0.00420734771291,4.24861256803e-07,0.0941969487635,0.000239485953156,0.00420458925336,4.87662355518e-07,0.0934358656962,0.000287544620423
lenny_run1,1,240,500,490.72265625,0.00369773512135,3.46913949315e-07,0.0851130504978,0.000227396619154,0.00368591240602,3.4735296868e-07,0.0887794867379,0.00025440912735
lenny_run1,1,240,500,493.1640625,0.00416064300967,4.45854127929e-07,0.0884929741077,0.000232304252641,0.00384794126662,4.60741787539e-07,0.0882002491028,0.000303298990322
lenny_run1,1,240,500,495.60546875,0.00436821340931,4.93425933173e-07,0.0923850909504,0.000250044435918,0.00396890866542,5.24321809778e-07,0.0927654495786,0.000361333004263
lenny_run1,1,240,500,498.046875,0.00450524884474,6.08084219551e-07,0.0971926138338,0.000328965973594,0.00373740024526,3.28741814614e-07,0.0858874075005,0.000236129867451
lenny_run1,1,240,500,500.48828125,0.0045753295516,6.9272794964e-07,0.0969666986482,0.000373615012846,0.00368369362003,2.48757666596e-07,0.0821763916487,0.000149572164618
lenny_run1,1,240,500,502.9296875,0.00440829330772,5.78137681621e-07,0.0914231994908,0.000329069768602,0.00347008809968,1.94903173698e-07,0.0792341171607,0.000159203660535
lenny_run1,1,240,500,505.37109375,0.00388337268121,4.65724362152e-07,0.085712824049,0.00028031169874,0.00385628395216,3.01336552486e-07,0.07876527253,0.000151363134985
lenny_run1,1,240,500,507.8125,0.00392439899559,4.20330290403e-07,0.0858949574787,0.000268044006913,0.0038437590135,2.67219258746e-07,0.0792170207465,0.000151927141831
lenny_run1,1,240,500,510.25390625,0.00402271038445,4.37901968286e-07,0.0864964091422,0.000217639725731,0.00387411194858,2.67821224608e-07,0.0820866843721,0.00018149755175
lenny_run1,1,240,500,512.6953125,0.00376093874091,2.91889093288e-07,0.0786714641046,0.000138580905377,0.00374776403311,2.29672659591e-07,0.0776883972075,0.000128742994661
lenny_run1,1,240,500,515.13671875,0.00423275647739,4.63119244198e-07,0.0950098355276,0.000295128447736,0.00358952121729,2.25744715418e-07,0.0768402381796,0.000139341688444
lenny_run1,1,240,500,517.578125,0.00400820329652,5.09787950712e-07,0.0887176685529,0.00031881533956,0.00360314486804,2.59607274217e-07,0.0766168949614,0.000144144682841
lenny_run1,1,240,500,520.01953125,0.00487266405924,8.26088319108e-07,0.100681439882,0.00042826012726,0.00377292481737,3.16646113113e-07,0.0742917079494,0.000156745621682
lenny_run1,1,240,500,522.4609375,0.00453834991288,6.18725311993e-07,0.0952338630441,0.000323939632592,0.00383299450671,3.69019490725e-07,0.0773732355931,0.000188229061123
lenny_run1,1,240,500,524.90234375,0.00459308640771,7.69959416324e-07,0.0898026311636,0.000305377052571,0.00382568510038,3.26772622886e-07,0.0796470251024,0.00016333376201
lenny_run1,1,240,500,527.34375,0.00431038419746,5.88174426347e-07,0.0922480159389,0.000312435121614,0.00378119901125,3.23276892083e-07,0.0798811566298,0.000152108983941
lenny_run1,1,240,500,529.78515625,0.00432241204199,4.00780251627e-07,0.0890397659739,0.00021650914765,0.00397562147106,4.10543305612e-07,0.0810578582307,0.000183745110567
lenny_run1,1,240,500,532.2265625,0.00427269844177,4.51795711995e-07,0.0934211492866,0.000235490260111,0.00396791468479,4.1024682098e-07,0.0814608497965,0.00021139449365
lenny_run1,1,240,500,534.66796875,0.00404922278158,3.70888470485e-07,0.0940293740171,0.000235506195776,0.00361250875731,2.94249891293e-07,0.0827618561773,0.000197972145612
lenny_run1,1,240,500,537.109375,0.00353819296499,9.78374296711e-07,0.207279122997,0.0079801575461,0.00365389848266,1.85880202586e-06,0.215359135037,0.00924669342071
lenny_run1,1,240,500,539.55078125,0.00343989006725,8.16112294967e-07,0.201689187855,0.00786381510936,0.00403905505124,1.82245975647e-06,0.222799390391,0.00938795845563
lenny_run1,1,240,500,541.9921875,0.00361751303756,9.19698495192e-07,0.200419409364,0.00714624786,0.00392722634982,1.93413427347e-06,0.214828381944,0.00829962342261
lenny_run1,1,240,500,544.43359375,0.00404540947371,4.44365107429e-07,0.136249509352,0.00113702014876,0.00461181396683,1.01707146555e-06,0.155830146014,0.00189607362102
lenny_run1,1,240,500,546.875,0.00445813486218,5.18754156274e-07,0.0916742381998,0.000275211993415,0.00498067233143,6.98437606142e-07,0.098872321457,0.000337286716439
lenny_run1,1,240,500,549.31640625,0.00444419783419,5.32283506186e-07,0.0935934150168,0.000292370053642,0.00439434762414,5.90200296331e-07,0.0874000097391,0.000260166402449
lenny_run1,1,240,500,551.7578125,0.00436114078578,4.47538706014e-07,0.0889804628853,0.000248026749886,0.00441600816448,4.91613183868e-07,0.0840612615892,0.000246027578441
lenny_run1,1,240,500,554.19921875,0.00435922601583,4.46486305022e-07,0.0858467375511,0.000204533073481,0.00379771850609,2.64181451578e-07,0.0720015302342,0.000114535186445
lenny_run1,1,240,500,556.640625,0.00411801565723,3.74993399695e-07,0.0832945246397,0.000172034582742,0.00363466828239,2.59611772731e-07,0.0700088206657,0.000105339131231
lenny_run1,1,240,500,559.08203125,0.0043258690389,3.78233955705e-07,0.0815238056376,0.00015750028723,0.0037224838285,2.92234185878e-07,0.0680875772062,0.000115560672103
lenny_run1,1,240,500,561.5234375,0.00377244889574,3.0333485975e-07,0.0733333178339,0.000139115946252,0.00373585024743,3.02638442688e-07,0.0692581505772,0.000111210701385
lenny_run1,1,240,500,563.96484375,0.00368807602975,2.11214970761e-07,0.069624445887,0.000101933466364,0.00373867445009,2.53501758484e-07,0.0682954133638,9.0346265683e-05
lenny_run1,1,240,500,566.40625,0.00366530309714,2.2701894783e-07,0.0674817384862,9.50395964783e-05,0.00362791774331,2.39391330004e-07,0.0668273983238,9.92360098797e-05
lenny_run1,1,240,500,568.84765625,0.00345338665968,2.16264693119e-07,0.0641277431158,9.17241184993e-05,0.00372789380116,2.72855406782e-07,0.066323804443,0.00011197810975
lenny_run1,1,240,500,571.2890625,0.00390860921722,3.58648161383e-07,0.0703685455324,0.000165680872391,0.00383076626265,2.44376325256e-07,0.0663587773037,8.88384904545e-05
lenny_run1,1,240,500,573.73046875,0.00381917651833,3.69371681724e-07,0.0745728609041,0.000171105523938,0.00411701903708,3.73638457227e-07,0.077867311346,0.000172295404497
lenny_run1,1,240,500,576.171875,0.00395115007148,3.7083240521e-07,0.0718901489845,0.000141136320056,0.0043256686467,4.49486118853e-07,0.083367265079,0.000216964049399
lenny_run1,1,240,500,578.61328125,0.00364891269975,2.79423528999e-07,0.0693190596309,0.000126836085255,0.00459280238835,4.36594507377e-07,0.0821325509012,0.000179859152775
lenny_run1,1,240,500,581.0546875,0.00375725552898,3.18114939408e-07,0.071727632865,0.000103474227385,0.00377276294013,3.05276146028e-07,0.0698000947254,0.000112826504106
lenny_run1,1,240,500,583.49609375,0.00396784443,2.6289220715e-07,0.0731291150676,0.000115406643017,0.00400246160319,3.33288926273e-07,0.0766993537892,0.000142310805362
lenny_run1,1,240,500,585.9375,0.00394983933426,3.07669645314e-07,0.072907743444,0.00012728144629,0.00407752923628,3.12650846572e-07,0.0762447395091,0.000153473103867
lenny_run1,1,240,500,588.37890625,0.00410563850853,3.62232590373e-07,0.0751176372069,0.000158881459209,0.00383783639014,3.58415107382e-07,0.0739816733882,0.00016946977238
lenny_run1,1,240,500,590.8203125,0.0044363502213,5.31529859924e-07,0.0822725993012,0.000223993834454,0.003995441551,4.08567610373e-07,0.069425322185,0.000168522479846
lenny_run1,1,240,500,593.26171875,0.004030074195,4.83333850419e-07,0.075375809188,0.000197666252429,0.00405679994083,4.27469267459e-07,0.069225184705,0.000173936063399
lenny_run1,1,240,500,595.703125,0.00423684842356,4.54480184697e-07,0.0779736664949,0.000189691076905,0.00404809771412,3.62992351687e-07,0.0730945879334,0.000162345171624
lenny_run1,1,240,500,598.14453125,0.00368890116851,3.40851670064e-07,0.066019664016,0.00012177785564,0.00361529566908,2.59151935017e-07,0.0688587891846,0.000166551035748
lenny_run1,1,240,500,600.5859375,0.00402484100359,4.13725795028e-07,0.0680943908599,0.000152918704533,0.00375723798526,2.63444344342e-07,0.0658527001462,0.000117340099852
lenny_run1,1,240,500,603.02734375,0.00387718838325,3.38458997365e-07,0.0667635736906,0.000131699175561,0.00347865919451,2.51030151716e-07,0.0613909063382,0.000118307773278
lenny_run1,1,240,500,605.46875,0.0039412385635,4.30916410082e-07,0.0728800150843,0.000192795062653,0.00348806444008,2.95750391243e-07,0.0602584278731,0.000106121677202
lenny_run1,1,240,500,607.91015625,0.00432411381305,5.56312224949e-07,0.0771755261538,0.000218197820553,0.00395070350069,3.06917965838e-07,0.0646519239517,0.000106033869247
lenny_run1,1,240,500,610.3515625,0.00413004339607,4.45751608353e-07,0.0759014750355,0.00020745007863,0.00394219369489,2.82579027934e-07,0.0636553218228,8.59437256379e-05
lenny_run1,1,240,500,612.79296875,0.00349962235578,1.96454281131e-07,0.0613636275125,9.6519543527e-05,0.00383755899827,4.26444449174e-07,0.0692567413643,0.000167457396763
lenny_run1,1,240,500,615.234375,0.00339716368916,2.21778250849e-07,0.0620844468601,0.000115083198045,0.00397364363946,3.76695038972e-07,0.072570929329,0.000171244748584
lenny_run1,1,240,500,617.67578125,0.00333775957278,2.43706435371e-07,0.0600412984788,0.000107934705136,0.00414712482775,4.48526108877e-07,0.0767851679353,0.000186050717992
lenny_run1,1,240,500,620.1171875,0.00354225799412,2.49999685265e-07,0.0601049083049,9.43838787623e-05,0.00434703429211,4.80858881662e-07,0.0779914825574,0.000174515329021
lenny_run1,1,240,500,622.55859375,0.00358895707799,2.72398240769e-07,0.0619560372167,0.000121422193933,0.00388170814496,4.22386086334e-07,0.0719514343211,0.00014156738854
lenny_run1,1,240,500,625.0,0.00433001357821,5.03296110171e-07,0.0778647163257,0.000199883851699,0.00399625619827,2.93443501033e-07,0.0686971280371,0.000107976497937
lenny_run1,1,240,500,627.44140625,0.0041147651323,4.62086986003e-07,0.0787445147647,0.000200753865698,0.00406877929238,3.06957829604e-07,0.0665289445544,9.66839706686e-05
lenny_run1,1,240,500,629.8828125,0.00427961398098,5.27322271866e-07,0.0805626856462,0.000237203695465,0.0037224211672,2.48038170457e-07,0.0607864288684,8.21371194026e-05
lenny_run1,1,240,500,632.32421875,0.0043175936043,6.53595082861e-07,0.0750594485879,0.000225816259906,0.00347503661991,2.04505407696e-07,0.0588078198702,7.97439424598e-05
lenny_run1,1,240,500,634.765625,0.00388559623219,4.2378574534e-07,0.0684985943348,0.00016595738719,0.00370466167947,2.62313374656e-07,0.0615837696486,9.49317630143e-05
lenny_run1,1,240,500,637.20703125,0.0039615752859,3.8660963735e-07,0.0678863554236,0.000165884134318,0.00379279108893,2.79936079872e-07,0.0629889433889,9.89812912984e-05
lenny_run1,1,240,500,639.6484375,0.00415832445211,4.28549617884e-07,0.0690962293367,0.000145733271475,0.00391920867433,2.93633814827e-07,0.0647740341344,0.000109194133426
lenny_run1,1,240,500,642.08984375,0.00408949278884,3.67368910529e-07,0.067575646817,0.000127223110053,0.00402560770808,3.14095465325e-07,0.065146842754,0.000109310131094
lenny_run1,1,240,500,644.53125,0.00399911551844,4.34810959167e-07,0.0667471162508,0.000153483634375,0.00443351626511,5.15219144905e-07,0.075191457408,0.000176675200946
lenny_run1,1,240,500,646.97265625,0.00405343497727,3.84807440925e-07,0.0634708628137,0.000117935604081,0.00454911944652,5.51381247769e-07,0.0711278586493,0.000166243157949
lenny_run1,1,240,500,649.4140625,0.00389611630775,4.36351781077e-07,0.0630333481375,0.000153775597521,0.00433429074806,4.34621611964e-07,0.0676848206569,0.000132421027788
lenny_run1,1,240,500,651.85546875,0.00367098080693,3.15500182275e-07,0.0606399819559,0.000107768022655,0.00410014191551,3.75740701619e-07,0.0630094347401,0.000114111220221
lenny_run1,1,240,500,654.296875,0.0037788662942,3.27133448171e-07,0.0645765205225,0.000132679248281,0.00413225615399,5.15005356189e-07,0.0704836684947,0.00019297291216
lenny_run1,1,240,500,656.73828125,0.00342831770623,7.16712126614e-07,0.124654356507,0.0025324728763,0.00464368138884,1.81264832706e-06,0.260030941505,0.0151643019686
lenny_run1,1,240,500,659.1796875,0.00325375021168,6.69108750352e-07,0.127420692432,0.00274216373137,0.00517103327758,2.53601755757e-06,0.272612518687,0.0159385201829
lenny_run1,1,240,500,661.62109375,0.003478892604,7.16067150064e-07,0.126346152259,0.0025438734266,0.00439577091057,1.35643351723e-06,0.242748371881,0.0128625812706
lenny_run1,1,240,500,664.0625,0.00361191355611,4.84124449322e-07,0.10356939586,0.00103506692803,0.00403042796023,7.71368335786e-07,0.16053766235,0.00426418283693
lenny_run1,1,240,500,666.50390625,0.00406665607683,3.52470918052e-07,0.0682234128322,0.000126887685298,0.00406812901786,4.58314267493e-07,0.0660266430928,0.000132456822283
lenny_run1,1,240,500,668.9453125,0.00415082919848,3.85144002293e-07,0.0697255575763,0.000144078272295,0.00373395154136,3.79578988139e-07,0.0625234725008,0.000129602299702
lenny_run1,1,240,500,671.38671875,0.0041389420159,4.26020646143e-07,0.0708127881388,0.000157260055961,0.0038280051804,3.82132176215e-07,0.0594275301903,0.000117648382675
lenny_run1,1,240,500,673.828125,0.0037369802684,3.04019053124e-07,0.0633081446444,0.000108098724676,0.00396731722066,3.42460095834e-07,0.0631194574608,0.000107696829601
lenny_run1,1,240,500,676.26953125,0.00432127475797,5.12525837612e-07,0.0722089300753,0.000183231526996,0.0035697906103,2.48056851289e-07,0.0566552698653,7.32831017682e-05
lenny_run1,1,240,500,678.7109375,0.00477867892852,7.16147057668e-07,0.0830832116383,0.000270833477561,0.00347934343099,1.90348932484e-07,0.0560392968488,6.17262162996e-05
lenny_run1,1,240,500,681.15234375,0.00533735012318,8.11892939392e-07,0.0873601498114,0.000283950680141,0.00347485091413,1.96159635535e-07,0.0572898854189,8.20634417013e-05
lenny_run1,1,240,500,683.59375,0.00458853272793,5.57304478555e-07,0.0740693581857,0.000161285822555,0.00361671901014,2.09312756136e-07,0.0579067721147,7.06691393398e-05
lenny_run1,1,240,500,686.03515625,0.00474996359974,6.36743346955e-07,0.0830791302391,0.000220547745506,0.00415272919021,4.68354487751e-07,0.0714335193795,0.000193342038906
lenny_run1,1,240,500,688.4765625,0.00457609824202,5.94929727251e-07,0.0793705600014,0.00022359864673,0.00454179466347,5.26843745757e-07,0.0775714944639,0.000223574299338
lenny_run1,1,240,500,690.91796875,0.00465428101313,6.6133159195e-07,0.0800395446807,0.000213534672299,0.00492015407275,7.19968434141e-07,0.0829365540485,0.000254539171688
lenny_run1,1,240,500,693.359375,0.00448960555475,4.5250183778e-07,0.0774308098631,0.000181140573234,0.00503939938397,6.95901231914e-07,0.0832451492323,0.000246258084207
lenny_run1,1,240,500,695.80078125,0.00449899770548,4.76883048062e-07,0.0743561749368,0.000155597078983,0.00427782796326,4.78319820854e-07,0.0702682925317,0.000150929313578
lenny_run1,1,240,500,698.2421875,0.00384559008441,2.91905362447e-07,0.062553807241,8.84842789983e-05,0.00414797496408,4.61303203978e-07,0.0698514106971,0.000133819163067
lenny_run1,1,240,500,700.68359375,0.00388508894281,2.74352616134e-07,0.0621911737268,8.02519189897e-05,0.00436415404207,4.07812331216e-07,0.0699037173882,0.000132065660385
lenny_run1,1,240,500,703.125,0.00386877643411,2.32380535503e-07,0.0647351758349,8.21314197635e-05,0.00403946686257,3.74298655878e-07,0.0659572579296,0.000108861985289
lenny_run1,1,240,500,705.56640625,0.00408899534486,3.1233041421e-07,0.0630036433199,9.65727982086e-05,0.00440630796541,5.15305962779e-07,0.0677318731879,0.000147804496471
lenny_run1,1,240,500,708.0078125,0.00371242403,2.95406094911e-07,0.0614918916745,0.000107322612714,0.00432720554725,4.63759490589e-07,0.0703448505484,0.00014708729259
lenny_run1,1,240,500,710.44921875,0.00413910367123,4.49132345573e-07,0.0635813239088,0.000125553151439,0.00387077741277,3.18655997689e-07,0.0632929808803,0.000103282995667
lenny_run1,1,240,500,712.890625,0.00433261623738,4.34844982584e-07,0.0672109546745,0.00012750430532,0.00363884730072,2.18864916333e-07,0.0586409716542,6.40420967847e-05
lenny_run1,1,240,500,715.33203125,0.00416877350128,4.56426336852e-07,0.0682745145357,0.000136636084933,0.00367141964652,2.04770968042e-07,0.0582155075132,7.54120700528e-05
lenny_run1,1,240,500,717.7734375,0.00387097064112,3.41875029523e-07,0.0625490437603,0.000108782939909,0.00375851381681,2.43084636224e-07,0.0561828071183,7.32680437871e-05
lenny_run1,1,240,500,720.21484375,0.00426964696604,4.42635963769e-07,0.0672193881323,0.000142396533203,0.00354712045384,2.391821758e-07,0.055066203303,6.60302280787e-05
lenny_run1,1,240,500,722.65625,0.00393468502275,2.6107030616e-07,0.0635963516548,8.81661228781e-05,0.00384982864048,2.83955324986e-07,0.0588627316664,8.03374479309e-05
lenny_run1,1,240,500,725.09765625,0.00379752272201,2.88729663996e-07,0.0609559200772,8.66240449148e-05,0.00397510822934,2.87737370126e-07,0.0609875134286,8.26944156424e-05
lenny_run1,1,240,500,727.5390625,0.00400008745179,3.91613670413e-07,0.0656063578764,0.000122377108554,0.00411805301708,3.35427597956e-07,0.0613362343243,9.84117026532e-05
lenny_run1,1,240,500,729.98046875,0.00419297613841,3.87588420587e-07,0.065696175998,0.000134614264571,0.00384861352471,2.63251007604e-07,0.0582539721153,7.21388676287e-05
lenny_run1,1,240,500,732.421875,0.00409744660233,4.75226854852e-07,0.0613671448746,0.00012260186457,0.00362988508564,2.43990303214e-07,0.0547892616545,5.9597468064e-05
lenny_run1,1,240,500,734.86328125,0.00369419574877,3.06111997374e-07,0.0557178094197,8.42195925568e-05,0.00347679809322,2.35838105656e-07,0.0512461704853,6.13297944391e-05
lenny_run1,1,240,500,737.3046875,0.00387985106282,4.05530294562e-07,0.0540314355954,9.96573507287e-05,0.00390829015347,3.99282712338e-07,0.0605512721661,0.000123602560685
lenny_run1,1,240,500,739.74609375,0.00359852309922,2.51644840636e-07,0.052555531648,7.29557814533e-05,0.0045619866064,6.3252376833e-07,0.0665631109251,0.000145695120908
lenny_run1,1,240,500,742.1875,0.00366519895225,2.63868929639e-07,0.0538386702548,6.38159947867e-05,0.00435815366482,5.82160368083e-07,0.0654376902115,0.000143267363292
lenny_run1,1,240,500,744.62890625,0.00360879018083,2.09570543459e-07,0.0523793316601,5.71253797597e-05,0.00394813871747,3.89344578415e-07,0.0592070034295,0.000107480134564
lenny_run1,1,240,500,747.0703125,0.00398494484987,2.98857000394e-07,0.0577115089874,7.84635249704e-05,0.00409511652356,4.78248071768e-07,0.0614666752744,0.000123112065521
lenny_run1,1,240,500,749.51171875,0.00424412887327,3.77521279128e-07,0.0605274610713,0.000112511716324,0.00365644211305,2.36279557167e-07,0.0516826865274,6.7105056019e-05
lenny_run1,1,240,500,751.953125,0.00430755907911,4.43846937192e-07,0.0590896684876,0.00011424881548,0.00388320566029,4.09246020996e-07,0.0628150668243,0.000145202863114
lenny_run1,1,240,500,754.39453125,0.00395370716379,3.86997203243e-07,0.0580036118705,0.000107696146462,0.0044270597372,6.16642268231e-07,0.0655535883439,0.000164491759499
lenny_run1,1,240,500,756.8359375,0.00374406315431,2.22556379265e-07,0.0570405081516,7.14740670773e-05,0.0039920231212,4.65035805143e-07,0.0600014232549,0.000131193919704
lenny_run1,1,240,500,759.27734375,0.00399793345003,3.20599223061e-07,0.0634140430388,9.51670227493e-05,0.00356473937875,2.554948432e-07,0.0562972099592,8.7042455003e-05
lenny_run1,1,240,500,761.71875,0.00485130017324,5.63378601784e-07,0.0777834036812,0.00016543154752,0.0041389305794,4.03737472868e-07,0.0613367665344,0.000100639168886
lenny_run1,1,240,500,764.16015625,0.00483119062276,5.84799449171e-07,0.0819995217535,0.000211867532807,0.00411057332839,3.8812233859e-07,0.059207328091,0.00010188476276
lenny_run1,1,240,500,766.6015625,0.00534419611117,8.50827619458e-07,0.0839989796198,0.00026138898197,0.0038992017323,3.14417329393e-07,0.0594178124668,8.72940124686e-05
lenny_run1,1,240,500,769.04296875,0.00436496869414,5.81782160545e-07,0.0685385898421,0.000177260267502,0.00365540570208,2.49721033524e-07,0.0567284092227,7.32597624071e-05
lenny_run1,1,240,500,771.484375,0.00379172627459,3.59015530425e-07,0.0600564634235,0.000104719758177,0.00358583375731,1.98501381384e-07,0.0530541284309,5.92161040455e-05
lenny_run1,1,240,500,773.92578125,0.00358081733973,2.43640015705e-07,0.0540505426809,7.21925798694e-05,0.00394734742773,3.48396389265e-07,0.0620237908875,0.000112126196023
lenny_run1,1,240,500,776.3671875,0.00376964572624,3.41245380084e-07,0.0667484842608,0.000165187674272,0.00376913253251,4.27792812491e-07,0.0708408670606,0.000206160161541
lenny_run1,1,240,500,778.80859375,0.00371102597328,4.58602585557e-07,0.0695608643756,0.000240971561441,0.00377060017812,4.89292429291e-07,0.0697283923132,0.0002518687518
lenny_run1,1,240,500,781.25,0.00435087880531,5.91941463704e-07,0.0784385506822,0.000272112240857,0.00399614219869,4.78045344715e-07,0.0720800552121,0.000253250109268
lenny_run1,1,240,500,783.69140625,0.00435858999396,6.57909408219e-07,0.0755505501843,0.000250805991617,0.00365849280261,3.45127807452e-07,0.0649377867275,0.000155743198389
lenny_run1,1,240,500,786.1328125,0.00445682242489,4.99925741032e-07,0.0648595029631,0.000135016963905,0.00351168342601,2.0421885282e-07,0.0530357034697,6.93614548667e-05
lenny_run1,1,240,500,788.57421875,0.00421853821742,3.80020782023e-07,0.0623535216464,0.000126082599309,0.00350651794754,2.02593086646e-07,0.0518682978263,6.11486237659e-05
lenny_run1,1,240,500,791.015625,0.00361303985087,1.53393580428e-07,0.0499653111966,4.16175265758e-05,0.00359731413315,2.79792789348e-07,0.0511338260659,6.86034654666e-05
lenny_run1,1,240,500,793.45703125,0.00363182042124,2.31988489494e-07,0.0511109247317,5.98850620824e-05,0.00348741872376,2.47001181019e-07,0.0521341653742,6.34305416583e-05
lenny_run1,1,240,500,795.8984375,0.00366678951427,2.31650371774e-07,0.0538090864699,6.80192249792e-05,0.0039882490485,3.21586552739e-07,0.0589319497362,8.24538344725e-05
lenny_run1,1,240,500,798.33984375,0.00365875282079,1.7062088781e-07,0.0540881755594,5.05031287827e-05,0.00392339422185,2.75555170902e-07,0.0549525256545,7.38163529098e-05
lenny_run1,1,240,500,800.78125,0.0038588425524,2.44910945097e-07,0.0550196556472,6.27817925796e-05,0.00400329891941,2.89156349627e-07,0.0560395576097,7.69781891919e-05
lenny_run1,1,240,500,803.22265625,0.00381301351363,2.63497615001e-07,0.0526866047703,6.21561191307e-05,0.00381837477661,2.54064969887e-07,0.0520574474403,5.81248907159e-05
lenny_run1,1,240,500,805.6640625,0.0038376788103,2.16489129621e-07,0.0539442562667,6.07562195435e-05,0.00393511868803,4.2252345322e-07,0.0581310678701,0.000110044740663
lenny_run1,1,240,500,808.10546875,0.00389554700041,3.4776929827e-07,0.0549254431561,9.94729929275e-05,0.00419349455414,4.46573973095e-07,0.0591894402865,0.000113113728562
lenny_run1,1,240,500,810.546875,0.00386207614879,3.72586602105e-07,0.0542548701993,0.000102441268902,0.00472871249912,6.84899414537e-07,0.067465109343,0.000162017764676
lenny_run1,1,240,500,812.98828125,0.00384249365774,3.45100351211e-07,0.0549394249892,0.000104981460333,0.00504355632625,7.15150868871e-07,0.0675969327454,0.000153449295653
lenny_run1,1,240,500,815.4296875,0.00382531062272,3.47792130997e-07,0.052416999132,8.59091819477e-05,0.00429710950171,4.72262132615e-07,0.0595190500504,0.000127877978072
lenny_run1,1,240,500,817.87109375,0.00390325324238,3.37853811765e-07,0.0554622196325,8.45490738983e-05,0.00398940452318,4.08400663424e-07,0.0550999905195,0.000113609289923
lenny_run1,1,240,500,820.3125,0.00391125735056,3.25966900335e-07,0.0551267469965,7.69667082043e-05,0.00361552466733,3.36233898872e-07,0.0497545091379,7.84244920726e-05
lenny_run1,1,240,500,822.75390625,0.00379805350849,2.88688423811e-07,0.0527316474433,6.80446348781e-05,0.0039093466632,3.69672586305e-07,0.0543900001503,8.12538102814e-05
lenny_run1,1,240,500,825.1953125,0.00424846419621,3.80180294728e-07,0.06082811656,0.000107711470607,0.00364511115405,2.63782072603e-07,0.0542960145031,7.7642922553e-05
lenny_run1,1,240,500,827.63671875,0.00405553244534,4.41358971673e-07,0.0564066690396,9.90962889495e-05,0.00435468670202,3.94682934188e-07,0.0606702065695,8.90525884853e-05
lenny_run1,1,240,500,830.078125,0.00412858195369,4.6561859081e-07,0.0603929006627,0.000143989362571,0.00425197813298,4.01495592514e-07,0.0572435768943,8.79962545399e-05
lenny_run1,1,240,500,832.51953125,0.00390383172353,3.75479497646e-07,0.0550555065167,0.000103957596175,0.00470100887227,5.67721454343e-07,0.0644348612165,0.000122601784124
lenny_run1,1,240,500,834.9609375,0.00450263708888,6.0996557902e-07,0.0616774206782,0.000144577074751,0.00448213873743,5.92603973213e-07,0.0642533155634,0.00014715045012
lenny_run1,1,240,500,837.40234375,0.0044264540325,5.81393873094e-07,0.0613834252053,0.00015809463727,0.00448707660004,6.60620621521e-07,0.0646598713557,0.00016561779289
lenny_run1,1,240,500,839.84375,0.00417374936059,4.20595766319e-07,0.0585665699997,0.000105946619785,0.0043280410752,4.98563223659e-07,0.0645534394565,0.000123101294491
lenny_run1,1,240,500,842.28515625,0.00388091787869,2.85759817281e-07,0.0507209773316,6.68285288272e-05,0.00384644695438,3.12512806918e-07,0.0549027097745,6.87535762922e-05
lenny_run1,1,240,500,844.7265625,0.00402658234966,4.12370011952e-07,0.0534219350487,8.15212145564e-05,0.00384016243509,3.03970390438e-07,0.0545994461255,6.42381800892e-05
lenny_run1,1,240,500,847.16796875,0.00337723833434,1.62986044178e-07,0.0479863313556,4.9350133536e-05,0.0043124987754,4.78927734417e-07,0.0593990240209,0.000109003349809
lenny_run1,1,240,500,849.609375,0.00354211260207,2.05049018983e-07,0.048946446589,4.58662786756e-05,0.00470023725768,5.46349655956e-07,0.0614354295145,0.000110397433208
lenny_run1,1,240,500,852.05078125,0.00350163753339,1.7797667851e-07,0.0481044658643,3.93669212651e-05,0.00472144612279,6.53139025863e-07,0.0661833054362,0.000149436303211
lenny_run1,1,240,500,854.4921875,0.00374709701869,2.04848680188e-07,0.0503527032933,4.74046543841e-05,0.00486102000644,6.44303106545e-07,0.0644154558824,0.000137321549923
lenny_run1,1,240,500,856.93359375,0.00364719356955,1.92134588036e-07,0.0500011136754,4.43288098116e-05,0.00444497050193,4.35238737427e-07,0.0572921405707,9.21690098e-05
lenny_run1,1,240,500,859.375,0.00360238896122,1.80356808143e-07,0.0488653377362,4.23620459659e-05,0.00361013493237,2.51818330008e-07,0.0491977490442,5.62567990067e-05
lenny_run1,1,240,500,861.81640625,0.00358006492195,2.52714273769e-07,0.0470753434163,4.69869652106e-05,0.00369130027083,2.38560831001e-07,0.0480522115317,4.225646976e-05
lenny_run1,1,240,500,864.2578125,0.0039487729124,3.80668801794e-07,0.0494282050677,7.11545989339e-05,0.00385221571981,2.82987741658e-07,0.0516394530236,6.46739592536e-05
lenny_run1,1,240,500,866.69921875,0.00416633947667,3.44919225177e-07,0.0552442007646,8.47434986133e-05,0.00363602666235,2.09759267694e-07,0.0483523610037,5.14499408872e-05
lenny_run1,1,240,500,869.140625,0.00425993829927,3.58367426512e-07,0.0583572804469,8.85869809252e-05,0.00372495515555,3.00065915982e-07,0.0517780653108,7.44908666099e-05
lenny_run1,1,240,500,871.58203125,0.00402534138509,3.3765741525e-07,0.0586288572061,9.08018243333e-05,0.00330701268061,2.13367994387e-07,0.0476976484057,6.06299267715e-05
lenny_run1,1,240,500,874.0234375,0.00407573905804,3.86929634079e-07,0.0549424737739,7.83378527115e-05,0.00397783926108,3.62728910744e-07,0.0535631849195,8.3096969245e-05
lenny_run1,1,240,500,876.46484375,0.00387472390045,2.78346839834e-07,0.0523643216133,6.66886718705e-05,0.003634383551,3.1148948008e-07,0.0525850776645,7.33434403094e-05
lenny_run1,1,240,500,878.90625,0.00434657776048,4.9438738021e-07,0.0591506964151,0.000111308154165,0.00395439952482,3.12900008205e-07,0.0519965987872,6.56566635638e-05
lenny_run1,1,240,500,881.34765625,0.00438093657671,5.54089932986e-07,0.0617403450682,0.000121473487113,0.00375811868706,3.04917695884e-07,0.0519064080505,6.26916589405e-05
lenny_run1,1,240,500,883.7890625,0.00463995876546,5.86149952413e-07,0.0595020194121,0.000133646759862,0.0038298910391,2.4294178405e-07,0.0479490122136,5.15305110056e-05
lenny_run1,1,240,500,886.23046875,0.00359042224768,2.14210852089e-07,0.0468780784046,5.54778696472e-05,0.00472611902704,6.59820929041e-07,0.0624574831526,0.000138536715588
lenny_run1,1,240,500,888.671875,0.0035529719476,2.02442941775e-07,0.0471919937124,4.64919429941e-05,0.00468465465597,7.90172403454e-07,0.0606018307344,0.000161138922782
lenny_run1,1,240,500,891.11328125,0.00366940935821,1.93276848729e-07,0.0487636927735,4.24547382285e-05,0.00459894710815,7.01527344302e-07,0.0634552352477,0.000168778877851
lenny_run1,1,240,500,893.5546875,0.00428115067778,4.93729813893e-07,0.0579247655545,0.000101978228057,0.00450847383135,6.30073573473e-07,0.0564262745538,0.000127321018169
lenny_run1,1,240,500,895.99609375,0.00564588839148,1.0361306181e-06,0.0805201278495,0.000248267648714,0.00423552025588,5.67247582669e-07,0.0681182712601,0.000243222737943
lenny_run1,1,240,500,898.4375,0.00507713722939,7.81601248542e-07,0.0870789713164,0.000391042257637,0.0041217866105,5.75496046312e-07,0.0696500020631,0.000290129104576
lenny_run1,1,240,500,900.87890625,0.00489932145063,9.12749712853e-07,0.0879210902648,0.000433725500226,0.00403573427097,6.26340939661e-07,0.0684534230515,0.00030143548224
lenny_run1,1,240,500,903.3203125,0.00431507496037,7.3416142048e-07,0.078234757192,0.000399996512488,0.00371571255372,4.82537401478e-07,0.0672784077945,0.00027960825244
lenny_run1,1,240,500,905.76171875,0.00380814120945,2.49266798089e-07,0.0520807241519,6.53779628895e-05,0.00411179327754,3.90053847021e-07,0.0553507738449,0.000105161716533
lenny_run1,1,240,500,908.203125,0.00414649894712,3.19716925125e-07,0.0566038719864,8.90015979249e-05,0.00425329821705,4.09501136323e-07,0.0600401268057,0.000118578809835
lenny_run1,1,240,500,910.64453125,0.00414496129533,3.70058424302e-07,0.0551905635535,8.03797023824e-05,0.00450985367958,4.35908868887e-07,0.0576291139913,9.169720198e-05
lenny_run1,1,240,500,913.0859375,0.00387335987837,2.43707083055e-07,0.0493772331393,4.61458499674e-05,0.00404006369078,3.72735468161e-07,0.0547570192761,9.55849491565e-05
lenny_run1,1,240,500,915.52734375,0.00383331742603,2.48546303923e-07,0.0482250478353,4.83189939172e-05,0.00371629578386,2.53623474691e-07,0.0468233967877,5.3411380042e-05
lenny_run1,1,240,500,917.96875,0.00357153020034,1.8417125366e-07,0.0454154667231,4.02112691974e-05,0.00405344729421,3.51673254633e-07,0.0504791378776,7.00656175326e-05
lenny_run1,1,240,500,920.41015625,0.0035671284565,2.02450530696e-07,0.0433461887356,3.92257644337e-05,0.00390226144774,2.57131146543e-07,0.04869873756,5.46894055619e-05
lenny_run1,1,240,500,922.8515625,0.00378876584763,2.90840098507e-07,0.0452354824564,4.69473099405e-05,0.00391697970248,3.19723287193e-07,0.0491926605882,7.12717706129e-05
lenny_run1,1,240,500,925.29296875,0.00336351523302,1.99769445832e-07,0.0445061578684,4.03567711261e-05,0.00351374755404,2.08345469487e-07,0.0449424426113,4.7679891642e-05
lenny_run1,1,240,500,927.734375,0.00375189771377,2.49469355666e-07,0.0462806607187,4.40659379172e-05,0.00386301860838,3.70252448812e-07,0.0460379909443,5.91760452229e-05
lenny_run1,1,240,500,930.17578125,0.00428868450997,3.74280282282e-07,0.051718544339,7.31399986221e-05,0.0038817562357,3.84958154667e-07,0.0461283036889,7.09251415574e-05
lenny_run1,1,240,500,932.6171875,0.00401815645806,3.60010429578e-07,0.0506570801273,8.97738699072e-05,0.00380468545641,2.68276035171e-07,0.0477098135507,6.17798711643e-05
lenny_run1,1,240,500,935.05859375,0.0040611017297,3.91598732537e-07,0.0525075770253,8.40259087969e-05,0.004159249193,3.70597059056e-07,0.0515848515015,7.28674167329e-05
lenny_run1,1,240,500,937.5,0.00375096918751,3.6381137845e-07,0.0495786331553,8.08248612543e-05,0.00381734219328,2.00633330122e-07,0.0471537374879,4.97198466996e-05
lenny_run1,1,240,500,939.94140625,0.0037958803073,3.3278175471e-07,0.0477839214614,6.91318134829e-05,0.00442841446958,4.81325879643e-07,0.0525623727652,7.88699396941e-05
lenny_run1,1,240,500,942.3828125,0.00375030022471,3.15508057882e-07,0.0472691696281,6.80668325811e-05,0.0043506011887,4.51127321125e-07,0.0513499740635,7.76273639444e-05
lenny_run1,1,240,500,944.82421875,0.00384420570404,4.04382643032e-07,0.0522929531431,8.62450651299e-05,0.00460182056798,4.25981969143e-07,0.0565417258186,8.85806153475e-05
lenny_run1,1,240,500,947.265625,0.00387452832604,3.62451193285e-07,0.0501024872599,7.04252765e-05,0.00490221293093,5.70469657993e-07,0.0590052327734,9.02768091723e-05
lenny_run1,1,240,500,949.70703125,0.00395622193243,3.30234512929e-07,0.0454632507426,5.9545964416e-05,0.00482919805634,5.36713979346e-07,0.0595980919164,0.000108306093202
lenny_run1,1,240,500,952.1484375,0.00377050328974,2.97172747095e-07,0.0437160162353,5.02989349557e-05,0.00438348998536,4.09002084593e-07,0.0516002577926,7.49731694888e-05
lenny_run1,1,240,500,954.58984375,0.004332332255,5.07753652158e-07,0.0528175066326,9.56535023069e-05,0.00411586750518,3.88648221419e-07,0.051765477076,7.54823191959e-05
lenny_run1,1,240,500,957.03125,0.00413341992135,4.05589261605e-07,0.0489437693113,8.15257766581e-05,0.00413514627743,4.2952915539e-07,0.0510987515184,8.3702371397e-05
lenny_run1,1,240,500,959.47265625,0.00392209000926,3.64945341499e-07,0.0483297272608,8.30501264216e-05,0.00431198133775,4.1661667837e-07,0.0522474255857,8.35299053078e-05
lenny_run1,1,240,500,961.9140625,0.00417100468878,5.40156282497e-07,0.0527757425745,0.000105418082672,0.00400646012839,3.69724477345e-07,0.0494098562893,7.07557773087e-05
lenny_run1,1,240,500,964.35546875,0.00402793661247,3.96178212632e-07,0.0490825928527,7.08101209116e-05,0.00374949456213,3.43046482292e-07,0.047784082446,6.37242026763e-05
lenny_run1,1,240,500,966.796875,0.00389234494065,3.11034960321e-07,0.0486043596714,6.58128191178e-05,0.00361200966784,3.32943492188e-07,0.0451728801982,5.87408290151e-05
lenny_run1,1,240,500,969.23828125,0.00373094873228,2.07653716411e-07,0.0456833858874,4.5639547974e-05,0.00390099701368,3.62764479499e-07,0.0454790459665,6.9922354446e-05
lenny_run1,1,240,500,971.6796875,0.00385115961867,2.22315525979e-07,0.0479198602428,4.16676173238e-05,0.00414435289774,3.98493688965e-07,0.0497161374439,7.62563488496e-05
lenny_run1,1,240,500,974.12109375,0.00371317789659,2.03380268408e-07,0.0457080864818,3.71767574907e-05,0.00408622672351,4.63334148262e-07,0.0506043467879,7.51332768386e-05
lenny_run1,1,240,500,976.5625,0.0036330087093,2.33526172688e-07,0.0446572101035,3.76035663836e-05,0.00374122872155,3.38121320795e-07,0.045253507489,6.22406990537e-05
lenny_run1,1,240,500,979.00390625,0.00345209639932,2.29141938671e-07,0.042839692466,4.14068227911e-05,0.00408109765604,5.18463738926e-07,0.0482538593613,9.50806501422e-05
lenny_run1,1,240,500,981.4453125,0.00398347384436,3.46421191068e-07,0.0492063561458,6.22892452216e-05,0.00369205198666,4.24631340247e-07,0.0477850227415,9.20756898165e-05
lenny_run1,1,240,500,983.88671875,0.00435636699775,5.53767880371e-07,0.0527395405184,8.75420879651e-05,0.00383678324348,4.1623411798e-07,0.0474119482395,7.40923043834e-05
lenny_run1,1,240,500,986.328125,0.00450227292242,6.46161961767e-07,0.056379131241,0.000113928235797,0.00466457573138,6.7496585603e-07,0.0600219047889,0.000121122557387
lenny_run1,1,240,500,988.76953125,0.0046736350712,6.14384209941e-07,0.0588229990514,0.000130607435723,0.00460007822519,5.5725026894e-07,0.0584143039698,0.000102203264786
lenny_run1,1,240,500,991.2109375,0.00486752832392,7.83961287888e-07,0.0589471086102,0.000140659536701,0.00472571768739,5.64704125468e-07,0.0602771672913,0.000109731455683
lenny_run1,1,240,500,993.65234375,0.00459192425532,5.9838704478e-07,0.0555497966617,9.98422417868e-05,0.00387933733196,2.52151024319e-07,0.0463397682232,4.32689655991e-05
lenny_run1,1,240,500,996.09375,0.00568400176677,9.13562160173e-07,0.068332957244,0.000182481487102,0.00423432338052,3.83330900846e-07,0.0519320504778,6.5191385549e-05
lenny_run1,1,240,500,998.53515625,0.00468859256083,6.38027233585e-07,0.0585930430354,0.000130672818904,0.00416582045105,4.05037745982e-07,0.0520457982751,8.04744356614e-05
